Var1,Var2
-0.05170399431,8.54263290483992e-06
-0.0516522385599399,8.55975225733108e-06
-0.0516004828098799,8.5769059167129e-06
-0.0515487270598198,8.59409395137511e-06
-0.0514969713097598,8.61131643048463e-06
-0.0514452155596997,8.62857342309731e-06
-0.0513934598096396,8.64586499804698e-06
-0.0513417040595796,8.66319122483361e-06
-0.0512899483095195,8.68055217306818e-06
-0.0512381925594595,8.6979479120286e-06
-0.0511864368093994,8.71537851165893e-06
-0.0511346810593393,8.73284404168118e-06
-0.0510829253092793,8.75034457203938e-06
-0.0510311695592192,8.76788017312169e-06
-0.0509794138091592,8.7854509150942e-06
-0.0509276580590991,8.80305686834504e-06
-0.050875902309039,8.82069810315134e-06
-0.050824146558979,8.83837469078941e-06
-0.0507723908089189,8.85608670186944e-06
-0.0507206350588589,8.87383420700161e-06
-0.0506688793087988,8.89161727790633e-06
-0.0506171235587387,8.90943598563787e-06
-0.0505653678086787,8.92729040125051e-06
-0.0505136120586186,8.94518059679772e-06
-0.0504618563085586,8.96310664377786e-06
-0.0504101005584985,8.98106861391135e-06
-0.0503583448084384,8.99906657947369e-06
-0.0503065890583784,9.01710061229632e-06
-0.0502548333083183,9.03517078498783e-06
-0.0502030775582583,9.05327716982374e-06
-0.0501513218081982,9.07141983919058e-06
-0.0500995660581381,9.08959886591898e-06
-0.0500478103080781,9.10781432283958e-06
-0.049996054558018,9.12606628311607e-06
-0.049944298807958,9.14435481980114e-06
-0.0498925430578979,9.16268000605847e-06
-0.0498407873078378,9.18104191538482e-06
-0.0497890315577778,9.19944062172107e-06
-0.0497372758077177,9.21787619834191e-06
-0.0496855200576577,9.23634871929924e-06
-0.0496337643075976,9.25485825875594e-06
-0.0495820085575375,9.27340489054185e-06
-0.0495302528074775,9.29198868959702e-06
-0.0494784970574174,9.31060972964026e-06
-0.0494267413073574,9.3292680859447e-06
-0.0493749855572973,9.34796383300629e-06
-0.0493232298072372,9.36669704576509e-06
-0.0492714740571772,9.38546779905014e-06
-0.0492197183071171,9.40427616868966e-06
-0.0491679625570571,9.42312222962371e-06
-0.049116206806997,9.44200605756951e-06
-0.0490644510569369,9.46092772813323e-06
-0.0490126953068769,9.47988731703209e-06
-0.0489609395568168,9.49888490031636e-06
-0.0489091838067568,9.51792055425837e-06
-0.0488574280566967,9.53699435501942e-06
-0.0488056723066366,9.55610637909388e-06
-0.0487539165565766,9.57525670308712e-06
-0.0487021608065165,9.59444540382659e-06
-0.0486504050564565,9.6136725580287e-06
-0.0485986493063964,9.63293824285394e-06
-0.0485468935563363,9.65224253557384e-06
-0.0484951378062763,9.6715855133489e-06
-0.0484433820562162,9.69096725400576e-06
-0.0483916263061562,9.71038783492695e-06
-0.0483398705560961,9.72984733416116e-06
-0.048288114806036,9.74934582975706e-06
-0.048236359055976,9.76888339943027e-06
-0.0481846033059159,9.78846012178458e-06
-0.0481328475558559,9.8080760755348e-06
-0.0480810918057958,9.82773133884063e-06
-0.0480293360557357,9.84742599074995e-06
-0.0479775803056757,9.86716010997757e-06
-0.0479258245556156,9.88693377568239e-06
-0.0478740688055556,9.90674706735639e-06
-0.0478223130554955,9.92660006426949e-06
-0.0477705573054354,9.94649284580262e-06
-0.0477188015553754,9.96642549189186e-06
-0.0476670458053153,9.98639808247326e-06
-0.0476152900552553,1.00064106973718e-05
-0.0475635343051952,1.00264634167457e-05
-0.0475117785551351,1.00465563211971e-05
-0.0474600228050751,1.00666894912171e-05
-0.047408267055015,1.0086863007408e-05
-0.047356511304955,1.0107076950705e-05
-0.0473047555548949,1.01273314020434e-05
-0.0472529998048348,1.01476264424694e-05
-0.0472012440547748,1.01679621536954e-05
-0.0471494883047147,1.01883386168788e-05
-0.0470977325546547,1.02087559139541e-05
-0.0470459768045946,1.02292141266336e-05
-0.0469942210545345,1.02497133367407e-05
-0.0469424653044745,1.02702536266541e-05
-0.0468907095544144,1.02908350785302e-05
-0.0468389538043544,1.03114577748586e-05
-0.0467871980542943,1.0332121798462e-05
-0.0467354423042342,1.03528272320519e-05
-0.0466836865541742,1.0373574158784e-05
-0.0466319308041141,1.03943626613701e-05
-0.0465801750540541,1.04151928236318e-05
-0.046528419303994,1.04360647287249e-05
-0.0464766635539339,1.04569784603603e-05
-0.0464249078038739,1.04779341024708e-05
-0.0463731520538138,1.04989317388782e-05
-0.0463213963037538,1.05199714540705e-05
-0.0462696405536937,1.05410533318695e-05
-0.0462178848036336,1.05621774570963e-05
-0.0461661290535736,1.05833439141279e-05
-0.0461143733035135,1.06045527882292e-05
-0.0460626175534535,1.06258041642215e-05
-0.0460108618033934,1.06470981270368e-05
-0.0459591060533333,1.06684347622732e-05
-0.0459073503032733,1.06898141553069e-05
-0.0458555945532132,1.07112363920692e-05
-0.0458038388031532,1.07327015579362e-05
-0.0457520830530931,1.07542097395052e-05
-0.045700327303033,1.07757610225967e-05
-0.045648571552973,1.07973554935858e-05
-0.0455968158029129,1.08189932392921e-05
-0.0455450600528529,1.08406743459799e-05
-0.0454933043027928,1.08623989012457e-05
-0.0454415485527327,1.0884166991465e-05
-0.0453897928026727,1.09059787042343e-05
-0.0453380370526126,1.09278341267061e-05
-0.0452862813025526,1.094973334681e-05
-0.0452345255524925,1.09716764520318e-05
-0.0451827698024324,1.0993663530634e-05
-0.0451310140523724,1.10156946705464e-05
-0.0450792583023123,1.10377699596986e-05
-0.0450275025522523,1.10598894872416e-05
-0.0449757468021922,1.1082053341438e-05
-0.0449239910521321,1.11042616111057e-05
-0.0448722353020721,1.11265143851735e-05
-0.044820479552012,1.11488117532366e-05
-0.044768723801952,1.11711538043346e-05
-0.0447169680518919,1.11935406280628e-05
-0.0446652123018318,1.1215972314127e-05
-0.0446134565517718,1.12384489524553e-05
-0.0445617008017117,1.12609706329758e-05
-0.0445099450516517,1.12835374462827e-05
-0.0444581893015916,1.13061494826372e-05
-0.0444064335515315,1.13288068324113e-05
-0.0443546778014715,1.13515095869765e-05
-0.0443029220514114,1.13742578367049e-05
-0.0442511663013514,1.13970516730788e-05
-0.0441994105512913,1.14198911875807e-05
-0.0441476548012312,1.14427764716929e-05
-0.0440958990511712,1.14657076168978e-05
-0.0440441433011111,1.14886847150109e-05
-0.0439923875510511,1.15117078586247e-05
-0.043940631800991,1.15347771397767e-05
-0.0438888760509309,1.15578926505044e-05
-0.0438371203008709,1.15810544841777e-05
-0.0437853645508108,1.16042627331669e-05
-0.0437336088007508,1.16275174903979e-05
-0.0436818530506907,1.16508188494624e-05
-0.0436300973006306,1.16741669035081e-05
-0.0435783415505706,1.16975617459047e-05
-0.0435265858005105,1.17210034707993e-05
-0.0434748300504504,1.17444921722276e-05
-0.0434230743003904,1.17680279436705e-05
-0.0433713185503303,1.1791610880052e-05
-0.0433195628002703,1.181524107563e-05
-0.0432678070502102,1.18389186252177e-05
-0.0432160513001502,1.1862643623739e-05
-0.0431642955500901,1.18864161662291e-05
-0.04311253980003,1.19102363478341e-05
-0.04306078404997,1.19341042641441e-05
-0.0430090282999099,1.19580200107494e-05
-0.0429572725498499,1.19819836834623e-05
-0.0429055167997898,1.20059953784279e-05
-0.0428537610497297,1.20300551920138e-05
-0.0428020052996697,1.20541632202542e-05
-0.0427502495496096,1.20783195602936e-05
-0.0426984937995495,1.21025243084993e-05
-0.0426467380494895,1.2126777562016e-05
-0.0425949822994294,1.2151079417988e-05
-0.0425432265493694,1.2175429973893e-05
-0.0424914707993093,1.21998293274306e-05
-0.0424397150492492,1.22242775760784e-05
-0.0423879592991892,1.22487748180911e-05
-0.0423362035491291,1.22733211515014e-05
-0.0422844477990691,1.22979166747861e-05
-0.042232692049009,1.23225614863109e-05
-0.042180936298949,1.23472556853299e-05
-0.0421291805488889,1.23719993703197e-05
-0.0420774247988288,1.23967926404234e-05
-0.0420256690487688,1.24216355953388e-05
-0.0419739132987087,1.24465283345421e-05
-0.0419221575486486,1.24714709577312e-05
-0.0418704017985886,1.24964635648261e-05
-0.0418186460485285,1.25215062558581e-05
-0.0417668902984685,1.25465991317464e-05
-0.0417151345484084,1.25717422923e-05
-0.0416633787983483,1.25969358388822e-05
-0.0416116230482883,1.26221798721904e-05
-0.0415598672982282,1.26474744935878e-05
-0.0415081115481682,1.26728198039938e-05
-0.0414563557981081,1.26982159057709e-05
-0.0414046000480481,1.27236628997274e-05
-0.041352844297988,1.27491608886698e-05
-0.0413010885479279,1.27747099741837e-05
-0.0412493327978679,1.28003102592977e-05
-0.0411975770478078,1.28259618460413e-05
-0.0411458212977477,1.28516648374433e-05
-0.0410940655476877,1.28774193366432e-05
-0.0410423097976276,1.29032254464478e-05
-0.0409905540475676,1.2929083270663e-05
-0.0409387982975075,1.29549929130945e-05
-0.0408870425474474,1.29809544769932e-05
-0.0408352867973874,1.300696806672e-05
-0.0407835310473273,1.30330337865248e-05
-0.0407317752972673,1.30591517407685e-05
-0.0406800195472072,1.30853220343674e-05
-0.0406282637971472,1.31115447722374e-05
-0.0405765080470871,1.31378200589616e-05
-0.040524752297027,1.31641480002331e-05
-0.040472996546967,1.31905287015233e-05
-0.0404212407969069,1.32169622687472e-05
-0.0403694850468468,1.32434488073763e-05
-0.0403177292967868,1.32699884238807e-05
-0.0402659735467267,1.32965812245089e-05
-0.0402142177966667,1.33232273159534e-05
-0.0401624620466066,1.33499268050175e-05
-0.0401107062965465,1.33766797985047e-05
-0.0400589505464865,1.34034864036625e-05
-0.0400071947964264,1.34303467282937e-05
-0.0399554390463664,1.34572608795347e-05
-0.0399036832963063,1.34842289655213e-05
-0.0398519275462463,1.35112510941671e-05
-0.0398001717961862,1.35383273741629e-05
-0.0397484160461261,1.35654579136446e-05
-0.0396966602960661,1.35926428215249e-05
-0.039644904546006,1.36198822063838e-05
-0.0395931487959459,1.36471761780221e-05
-0.0395413930458859,1.36745248452419e-05
-0.0394896372958258,1.37019283181772e-05
-0.0394378815457658,1.37293867060739e-05
-0.0393861257957057,1.37569001193993e-05
-0.0393343700456456,1.37844686682875e-05
-0.0392826142955856,1.38120924633167e-05
-0.0392308585455255,1.38397716149541e-05
-0.0391791027954655,1.38675062342219e-05
-0.0391273470454054,1.38952964323646e-05
-0.0390755912953453,1.39231423209596e-05
-0.0390238355452853,1.39510440111401e-05
-0.0389720797952252,1.39790016149277e-05
-0.0389203240451652,1.40070152443439e-05
-0.0388685682951051,1.40350850119653e-05
-0.038816812545045,1.40632110299244e-05
-0.038765056794985,1.40913934109088e-05
-0.0387133010449249,1.41196322681614e-05
-0.0386615452948649,1.41479277145917e-05
-0.0386097895448048,1.41762798636647e-05
-0.0385580337947447,1.4204688829289e-05
-0.0385062780446847,1.42331547247077e-05
-0.0384545222946246,1.42616776647175e-05
-0.0384027665445646,1.42902577628945e-05
-0.0383510107945045,1.43188951345907e-05
-0.0382992550444444,1.43475898938261e-05
-0.0382474992943844,1.43763421560639e-05
-0.0381957435443243,1.44051520363231e-05
-0.0381439877942643,1.4434019650067e-05
-0.0380922320442042,1.44629451130918e-05
-0.0380404762941441,1.44919285413048e-05
-0.0379887205440841,1.45209700509463e-05
-0.037936964794024,1.45500697580347e-05
-0.037885209043964,1.45792277798096e-05
-0.0378334532939039,1.46084442325112e-05
-0.0377816975438438,1.46377192336011e-05
-0.0377299417937838,1.4667052900097e-05
-0.0376781860437237,1.46964453499043e-05
-0.0376264302936637,1.47258967007069e-05
-0.0375746745436036,1.47554070702993e-05
-0.0375229187935435,1.47849765773644e-05
-0.0374711630434835,1.481460534003e-05
-0.0374194072934234,1.48442934774229e-05
-0.0373676515433634,1.4874041108115e-05
-0.0373158957933033,1.49038483513442e-05
-0.0372641400432432,1.49337153270146e-05
-0.0372123842931832,1.49636421543642e-05
-0.0371606285431231,1.49936289536301e-05
-0.0371088727930631,1.50236758446054e-05
-0.037057117043003,1.50537829481934e-05
-0.0370053612929429,1.50839503848532e-05
-0.0369536055428829,1.51141782752662e-05
-0.0369018497928228,1.51444667408906e-05
-0.0368500940427628,1.5174815902852e-05
-0.0367983382927027,1.52052258830526e-05
-0.0367465825426426,1.5235696803173e-05
-0.0366948267925826,1.52662287853378e-05
-0.0366430710425225,1.52968219520044e-05
-0.0365913152924625,1.53274764256306e-05
-0.0365395595424024,1.535819232934e-05
-0.0364878037923423,1.53889697859233e-05
-0.0364360480422823,1.54198089189483e-05
-0.0363842922922222,1.54507098517609e-05
-0.0363325365421622,1.54816727083729e-05
-0.0362807807921021,1.55126976131292e-05
-0.036229025042042,1.55437846898199e-05
-0.036177269291982,1.55749340633449e-05
-0.0361255135419219,1.56061458584933e-05
-0.0360737577918619,1.56374202003873e-05
-0.0360220020418018,1.5668757214371e-05
-0.0359702462917417,1.57001570257886e-05
-0.0359184905416817,1.57316197608726e-05
-0.0358667347916216,1.5763145545411e-05
-0.0358149790415616,1.57947345060805e-05
-0.0357632232915015,1.58263867691133e-05
-0.0357114675414414,1.5858102461519e-05
-0.0356597117913814,1.5889881710307e-05
-0.0356079560413213,1.59217246430421e-05
-0.0355562002912613,1.59536313870667e-05
-0.0355044445412012,1.59856020705007e-05
-0.0354526887911411,1.60176368213527e-05
-0.0354009330410811,1.60497357679645e-05
-0.035349177291021,1.60818990392331e-05
-0.035297421540961,1.61141267637221e-05
-0.0352456657909009,1.61464190706617e-05
-0.0351939100408408,1.61787760895038e-05
-0.0351421542907808,1.62111979501445e-05
-0.0350903985407207,1.62436847821468e-05
-0.0350386427906607,1.62762367158509e-05
-0.0349868870406006,1.63088538820411e-05
-0.0349351312905405,1.63415364109465e-05
-0.0348833755404805,1.63742844335735e-05
-0.0348316197904204,1.64070980814834e-05
-0.0347798640403604,1.64399774860158e-05
-0.0347281082903003,1.6472922778954e-05
-0.0346763525402402,1.65059340923035e-05
-0.0346245967901802,1.6539011558514e-05
-0.0345728410401201,1.65721553099241e-05
-0.0345210852900601,1.66053654793163e-05
-0.03446932954,1.66386422000286e-05
-0.0344175737899399,1.66719856052877e-05
-0.0343658180398799,1.67053958287644e-05
-0.0343140622898198,1.67388730043516e-05
-0.0342623065397598,1.67724172661643e-05
-0.0342105507896997,1.68060287486504e-05
-0.0341587950396396,1.68397075868132e-05
-0.0341070392895796,1.68734539149895e-05
-0.0340552835395195,1.69072678687376e-05
-0.0340035277894595,1.69411495839489e-05
-0.0339517720393994,1.69750991958484e-05
-0.0339000162893393,1.70091168405495e-05
-0.0338482605392793,1.70432026548317e-05
-0.0337965047892192,1.70773567748084e-05
-0.0337447490391592,1.7111579337703e-05
-0.0336929932890991,1.71458704802951e-05
-0.033641237539039,1.71802303404744e-05
-0.033589481788979,1.72146590555755e-05
-0.0335377260389189,1.72491567637101e-05
-0.0334859702888589,1.72837236031009e-05
-0.0334342145387988,1.73183597123039e-05
-0.0333824587887387,1.73530652302079e-05
-0.0333307030386787,1.73878402957017e-05
-0.0332789472886186,1.74226850483405e-05
-0.0332271915385586,1.74575996276793e-05
-0.0331754357884985,1.74925841733842e-05
-0.0331236800384384,1.75276388262313e-05
-0.0330719242883784,1.75627637263309e-05
-0.0330201685383183,1.75979590144593e-05
-0.0329684127882583,1.76332248317257e-05
-0.0329166570381982,1.76685613193506e-05
-0.0328649012881381,1.77039686192204e-05
-0.0328131455380781,1.77394468729997e-05
-0.032761389788018,1.77749962229079e-05
-0.032709634037958,1.78106168117198e-05
-0.0326578782878979,1.78463087815439e-05
-0.0326061225378378,1.78820722760431e-05
-0.0325543667877778,1.7917907437992e-05
-0.0325026110377177,1.79538144113867e-05
-0.0324508552876577,1.79897933401119e-05
-0.0323990995375976,1.80258443682746e-05
-0.0323473437875375,1.80619676404259e-05
-0.0322955880374775,1.80981633012278e-05
-0.0322438322874174,1.81344314955645e-05
-0.0321920765373574,1.81707723692082e-05
-0.0321403207872973,1.82071860674871e-05
-0.0320885650372372,1.82436727363955e-05
-0.0320368092871772,1.82802325222609e-05
-0.0319850535371171,1.83168655715216e-05
-0.0319332977870571,1.83535720309491e-05
-0.031881542036997,1.83903520478701e-05
-0.0318297862869369,1.8427205769278e-05
-0.0317780305368769,1.84641333430546e-05
-0.0317262747868168,1.85011349175257e-05
-0.0316745190367568,1.85382106404619e-05
-0.0316227632866967,1.85753606605221e-05
-0.0315710075366366,1.86125851270313e-05
-0.0315192517865766,1.86498841887595e-05
-0.0314674960365165,1.86872579951425e-05
-0.0314157402864565,1.87247066961715e-05
-0.0313639845363964,1.87622304420598e-05
-0.0313122287863363,1.87998293826874e-05
-0.0312604730362763,1.88375036690447e-05
-0.0312087172862162,1.8875253452455e-05
-0.0311569615361562,1.89130788835756e-05
-0.0311052057860961,1.89509801142851e-05
-0.031053450036036,1.89889572965729e-05
-0.031001694285976,1.90270105823176e-05
-0.0309499385359159,1.90651401242858e-05
-0.0308981827858559,1.91033460753554e-05
-0.0308464270357958,1.91416285884038e-05
-0.0307946712857357,1.91799878169752e-05
-0.0307429155356757,1.92184239148352e-05
-0.0306911597856156,1.92569370357498e-05
-0.0306394040355556,1.92955273344841e-05
-0.0305876482854955,1.93341949654702e-05
-0.0305358925354354,1.9372940083362e-05
-0.0304841367853754,1.94117628440349e-05
-0.0304323810353153,1.94506634026981e-05
-0.0303806252852553,1.94896419153379e-05
-0.0303288695351952,1.95286985381626e-05
-0.0302771137851351,1.95678334277138e-05
-0.0302253580350751,1.9607046740866e-05
-0.030173602285015,1.96463386344936e-05
-0.030121846534955,1.96857092663594e-05
-0.0300700907848949,1.9725158794226e-05
-0.0300183350348348,1.97646873760782e-05
-0.0299665792847748,1.98042951703448e-05
-0.0299148235347147,1.98439823357877e-05
-0.0298630677846547,1.98837490315018e-05
-0.0298113120345946,1.99235954168042e-05
-0.0297595562845345,1.99635216512339e-05
-0.0297078005344745,2.00035278948851e-05
-0.0296560447844144,2.00436143084071e-05
-0.0296042890343544,2.00837810518939e-05
-0.0295525332842943,2.0124028286661e-05
-0.0295007775342342,2.01643561741349e-05
-0.0294490217841742,2.02047648754089e-05
-0.0293972660341141,2.02452545530196e-05
-0.0293455102840541,2.02858253688376e-05
-0.029293754533994,2.03264774855105e-05
-0.0292419987839339,2.03672110661302e-05
-0.0291902430338739,2.04080262736772e-05
-0.0291384872838138,2.04489232717986e-05
-0.0290867315337538,2.04899022248073e-05
-0.0290349757836937,2.05309632962392e-05
-0.0289832200336336,2.05721066511844e-05
-0.0289314642835736,2.0613332454178e-05
-0.0288797085335135,2.06546408705321e-05
-0.0288279527834535,2.06960320660032e-05
-0.0287761970333934,2.07375062062365e-05
-0.0287244412833333,2.07790634573213e-05
-0.0286726855332733,2.08207039862351e-05
-0.0286209297832132,2.08624279595115e-05
-0.0285691740331532,2.09042355443501e-05
-0.0285174182830931,2.09461269086164e-05
-0.028465662533033,2.09881022197322e-05
-0.028413906782973,2.10301616462294e-05
-0.0283621510329129,2.10723053564177e-05
-0.0283103952828529,2.11145335196061e-05
-0.0282586395327928,2.11568463047707e-05
-0.0282068837827327,2.11992438813313e-05
-0.0281551280326727,2.12417264192633e-05
-0.0281033722826126,2.12842940890967e-05
-0.0280516165325526,2.13269470610289e-05
-0.0279998607824925,2.13696855063672e-05
-0.0279481050324324,2.1412509596197e-05
-0.0278963492823724,2.14554195019367e-05
-0.0278445935323123,2.1498415395893e-05
-0.0277928377822523,2.15414974502615e-05
-0.0277410820321922,2.15846658374597e-05
-0.0276893262821321,2.16279207309045e-05
-0.0276375705320721,2.16712623036797e-05
-0.027585814782012,2.17146907294241e-05
-0.027534059031952,2.17582061822208e-05
-0.0274823032818919,2.18018088368188e-05
-0.0274305475318318,2.18454988674122e-05
-0.0273787917817718,2.1889276449194e-05
-0.0273270360317117,2.19331417578017e-05
-0.0272752802816517,2.19770949690945e-05
-0.0272235245315916,2.20211362590428e-05
-0.0271717687815315,2.2065265804061e-05
-0.0271200130314715,2.21094837813407e-05
-0.0270682572814114,2.21537903676294e-05
-0.0270165015313514,2.21981857407849e-05
-0.0269647457812913,2.22426700784428e-05
-0.0269129900312312,2.22872435592381e-05
-0.0268612342811712,2.23319063615834e-05
-0.0268094785311111,2.237665866478e-05
-0.0267577227810511,2.24215006474626e-05
-0.026705967030991,2.24664324900425e-05
-0.0266542112809309,2.25114543722649e-05
-0.0266024555308709,2.25565664745409e-05
-0.0265506997808108,2.26017689778368e-05
-0.0264989440307508,2.26470620632302e-05
-0.0264471882806907,2.26924459121314e-05
-0.0263954325306306,2.27379207063949e-05
-0.0263436767805706,2.27834866283194e-05
-0.0262919210305105,2.28291438605366e-05
-0.0262401652804505,2.28748925860112e-05
-0.0261884095303904,2.292073298793e-05
-0.0261366537803303,2.29666652502569e-05
-0.0260848980302703,2.30126895571781e-05
-0.0260331422802102,2.30588060926573e-05
-0.0259813865301502,2.31050150416579e-05
-0.0259296307800901,2.31513165895869e-05
-0.02587787503003,2.31977109218517e-05
-0.02582611927997,2.32441982244147e-05
-0.0257743635299099,2.32907786834602e-05
-0.0257226077798498,2.33374524856167e-05
-0.0256708520297898,2.33842198182899e-05
-0.0256190962797297,2.34310808686633e-05
-0.0255673405296697,2.34780358243647e-05
-0.0255155847796096,2.35250848736879e-05
-0.0254638290295496,2.35722282053707e-05
-0.0254120732794895,2.36194660079292e-05
-0.0253603175294294,2.36667984712113e-05
-0.0253085617793694,2.37142257845102e-05
-0.0252568060293093,2.3761748137785e-05
-0.0252050502792492,2.3809365721883e-05
-0.0251532945291892,2.38570787274295e-05
-0.0251015387791291,2.39048873456049e-05
-0.0250497830290691,2.39527917680338e-05
-0.024998027279009,2.40007921865626e-05
-0.0249462715289489,2.4048888793704e-05
-0.0248945157788889,2.40970817820818e-05
-0.0248427600288288,2.41453713450968e-05
-0.0247910042787688,2.41937576760387e-05
-0.0247392485287087,2.42422409687526e-05
-0.0246874927786487,2.42908214175275e-05
-0.0246357370285886,2.43394992172075e-05
-0.0245839812785285,2.43882745629698e-05
-0.0245322255284685,2.44371476501026e-05
-0.0244804697784084,2.44861186743384e-05
-0.0244287140283483,2.45351878320754e-05
-0.0243769582782883,2.45843553199343e-05
-0.0243252025282282,2.46336213348686e-05
-0.0242734467781682,2.46829860746089e-05
-0.0242216910281081,2.47324497365531e-05
-0.024169935278048,2.47820125192089e-05
-0.024118179527988,2.48316746211952e-05
-0.0240664237779279,2.48814362412419e-05
-0.0240146680278679,2.49312975791893e-05
-0.0239629122778078,2.49812588345444e-05
-0.0239111565277477,2.50313202075914e-05
-0.0238594007776877,2.50814818989475e-05
-0.0238076450276276,2.51317441098964e-05
-0.0237558892775676,2.51821070413882e-05
-0.0237041335275075,2.52325708955947e-05
-0.0236523777774474,2.52831358744654e-05
-0.0236006220273874,2.5333802180838e-05
-0.0235488662773273,2.53845700177724e-05
-0.0234971105272673,2.54354395887724e-05
-0.0234453547772072,2.54864110973418e-05
-0.0233935990271471,2.55374847480949e-05
-0.0233418432770871,2.55886607455347e-05
-0.023290087527027,2.56399392949413e-05
-0.023238331776967,2.56913206015952e-05
-0.0231865760269069,2.57428048712205e-05
-0.0231348202768468,2.57943923106518e-05
-0.0230830645267868,2.58460831262797e-05
-0.0230313087767267,2.58978775253826e-05
-0.0229795530266667,2.59497757154614e-05
-0.0229277972766066,2.60017779043498e-05
-0.0228760415265465,2.60538843006586e-05
-0.0228242857764865,2.61060951131098e-05
-0.0227725300264264,2.61584105510915e-05
-0.0227207742763664,2.62108308238806e-05
-0.0226690185263063,2.62633561418646e-05
-0.0226172627762462,2.63159867155416e-05
-0.0225655070261862,2.63687227554099e-05
-0.0225137512761261,2.64215644734112e-05
-0.0224619955260661,2.64745120809318e-05
-0.022410239776006,2.65275657902464e-05
-0.0223584840259459,2.65807258138517e-05
-0.0223067282758859,2.66339923650216e-05
-0.0222549725258258,2.66873656569189e-05
-0.0222032167757658,2.67408459035945e-05
-0.0221514610257057,2.67944333193215e-05
-0.0220997052756456,2.68481281187061e-05
-0.0220479495255856,2.69019305174645e-05
-0.0219961937755255,2.69558407304249e-05
-0.0219444380254655,2.70098589743029e-05
-0.0218926822754054,2.70639854651478e-05
-0.0218409265253453,2.71182204200082e-05
-0.0217891707752853,2.71725640563769e-05
-0.0217374150252252,2.72270165916355e-05
-0.0216856592751652,2.72815782442759e-05
-0.0216339035251051,2.73362492331231e-05
-0.021582147775045,2.73910297768909e-05
-0.021530392024985,2.74459200950705e-05
-0.0214786362749249,2.75009204080412e-05
-0.0214268805248649,2.75560309358491e-05
-0.0213751247748048,2.76112518994287e-05
-0.0213233690247447,2.76665835201584e-05
-0.0212716132746847,2.77220260199718e-05
-0.0212198575246246,2.77775796205804e-05
-0.0211681017745646,2.78332445445839e-05
-0.0211163460245045,2.78890210156924e-05
-0.0210645902744444,2.79449092568385e-05
-0.0210128345243844,2.80009094920652e-05
-0.0209610787743243,2.80570219461929e-05
-0.0209093230242643,2.81132468433754e-05
-0.0208575672742042,2.81695844095431e-05
-0.0208058115241441,2.82260348702934e-05
-0.0207540557740841,2.82825984515567e-05
-0.020702300024024,2.83392753803735e-05
-0.020650544273964,2.83960658840066e-05
-0.0205987885239039,2.84529701893854e-05
-0.0205470327738438,2.8509988524994e-05
-0.0204952770237838,2.85671211192051e-05
-0.0204435212737237,2.86243682010578e-05
-0.0203917655236637,2.86817299999242e-05
-0.0203400097736036,2.87392067457315e-05
-0.0202882540235435,2.87967986685178e-05
-0.0202364982734835,2.88545059995426e-05
-0.0201847425234234,2.89123289697324e-05
-0.0201329867733634,2.89702678107906e-05
-0.0200812310233033,2.90283227550869e-05
-0.0200294752732432,2.90864940348801e-05
-0.0199777195231832,2.9144781883983e-05
-0.0199259637731231,2.92031865353204e-05
-0.0198742080230631,2.92617082231494e-05
-0.019822452273003,2.93203471820602e-05
-0.0197706965229429,2.93791036467539e-05
-0.0197189407728829,2.94379778532639e-05
-0.0196671850228228,2.94969700369574e-05
-0.0196154292727628,2.9556080434312e-05
-0.0195636735227027,2.96153092825824e-05
-0.0195119177726426,2.96746568189121e-05
-0.0194601620225826,2.9734123280778e-05
-0.0194084062725225,2.97937089069888e-05
-0.0193566505224625,2.98534139359097e-05
-0.0193048947724024,2.99132386072376e-05
-0.0192531390223423,2.99731831603367e-05
-0.0192013832722823,3.00332478356813e-05
-0.0191496275222222,3.00934328736346e-05
-0.0190978717721622,3.01537385158923e-05
-0.0190461160221021,3.02141650033727e-05
-0.018994360272042,3.02747125791036e-05
-0.018942604521982,3.03353814848917e-05
-0.0188908487719219,3.03961719643198e-05
-0.0188390930218619,3.04570842609708e-05
-0.0187873372718018,3.05181186189829e-05
-0.0187355815217417,3.05792752826051e-05
-0.0186838257716817,3.06405544971966e-05
-0.0186320700216216,3.07019565082278e-05
-0.0185803142715616,3.07634815619462e-05
-0.0185285585215015,3.08251299045992e-05
-0.0184768027714414,3.08869017833224e-05
-0.0184250470213814,3.09487974458067e-05
-0.0183732912713213,3.10108171398538e-05
-0.0183215355212613,3.10729611141536e-05
-0.0182697797712012,3.11352296176182e-05
-0.0182180240211411,3.11976228999367e-05
-0.0181662682710811,3.12601412111313e-05
-0.018114512521021,3.13227848014463e-05
-0.018062756770961,3.13855539221253e-05
-0.0180110010209009,3.14484488247446e-05
-0.0179592452708408,3.1511469761214e-05
-0.0179074895207808,3.15746169842201e-05
-0.0178557337707207,3.16378907466719e-05
-0.0178039780206607,3.17012913021442e-05
-0.0177522222706006,3.17648189049891e-05
-0.0177004665205405,3.18284738093366e-05
-0.0176487107704805,3.18922562702051e-05
-0.0175969550204204,3.19561665437229e-05
-0.0175451992703604,3.20202048856855e-05
-0.0174934435203003,3.20843715525543e-05
-0.0174416877702402,3.21486668019011e-05
-0.0173899320201802,3.22130908908536e-05
-0.0173381762701201,3.22776440782047e-05
-0.0172864205200601,3.23423266219702e-05
-0.01723466477,3.24071387814984e-05
-0.0171829090199399,3.24720808169143e-05
-0.0171311532698799,3.25371529880103e-05
-0.0170793975198198,3.26023555557997e-05
-0.0170276417697598,3.2667688781407e-05
-0.0169758860196997,3.27331529269559e-05
-0.0169241302696396,3.27987482543479e-05
-0.0168723745195796,3.2864475026595e-05
-0.0168206187695195,3.29303335071529e-05
-0.0167688630194595,3.29963239600328e-05
-0.0167171072693994,3.30624466491347e-05
-0.0166653515193393,3.31287018401349e-05
-0.0166135957692793,3.31950897982658e-05
-0.0165618400192192,3.32616107893147e-05
-0.0165100842691592,3.33282650802902e-05
-0.0164583285190991,3.33950529378679e-05
-0.016406572769039,3.34619746298337e-05
-0.016354817018979,3.35290304243063e-05
-0.0163030612689189,3.35962205901819e-05
-0.0162513055188589,3.36635453964673e-05
-0.0161995497687988,3.3731005113391e-05
-0.0161477940187387,3.37986000107371e-05
-0.0160960382686787,3.38663303594e-05
-0.0160442825186186,3.39341964313844e-05
-0.0159925267685586,3.40021984978067e-05
-0.0159407710184985,3.40703368317818e-05
-0.0158890152684384,3.41386117062026e-05
-0.0158372595183784,3.42070233946279e-05
-0.0157855037683183,3.42755721711718e-05
-0.0157337480182583,3.43442583107256e-05
-0.0156819922681982,3.44130820880695e-05
-0.0156302365181381,3.44820437793159e-05
-0.0155784807680781,3.45511436607993e-05
-0.015526725018018,3.46203820094093e-05
-0.015474969267958,3.46897591023687e-05
-0.0154232135178979,3.47592752182324e-05
-0.0153714577678378,3.48289306350003e-05
-0.0153197020177778,3.48987256320044e-05
-0.0152679462677177,3.49686604889099e-05
-0.0152161905176577,3.50387354858261e-05
-0.0151644347675976,3.51089509038616e-05
-0.0151126790175375,3.51793070242357e-05
-0.0150609232674775,3.52498041289451e-05
-0.0150091675174174,3.53204425002085e-05
-0.0149574117673574,3.53912224213548e-05
-0.0149056560172973,3.54621441760461e-05
-0.0148539002672372,3.55332080481663e-05
-0.0148021445171772,3.56044143228207e-05
-0.0147503887671171,3.56757632852256e-05
-0.0146986330170571,3.57472552211524e-05
-0.014646877266997,3.58188904171497e-05
-0.0145951215169369,3.58906691605432e-05
-0.0145433657668769,3.59625917385475e-05
-0.0144916100168168,3.60346584394877e-05
-0.0144398542667568,3.61068695522437e-05
-0.0143880985166967,3.61792253663618e-05
-0.0143363427666366,3.62517261712769e-05
-0.0142845870165766,3.63243722579787e-05
-0.0142328312665165,3.63971639173455e-05
-0.0141810755164565,3.64701014409219e-05
-0.0141293197663964,3.65431851213627e-05
-0.0140775640163363,3.66164152513226e-05
-0.0140258082662763,3.66897921242337e-05
-0.0139740525162162,3.6763316034083e-05
-0.0139222967661562,3.68369872754126e-05
-0.0138705410160961,3.6910806143764e-05
-0.013818785266036,3.69847729346784e-05
-0.013767029515976,3.70588879445855e-05
-0.0137152737659159,3.71331514705808e-05
-0.0136635180158559,3.72075638099822e-05
-0.0136117622657958,3.72821252613287e-05
-0.0135600065157357,3.73568361232701e-05
-0.0135082507656757,3.74316966950117e-05
-0.0134564950156156,3.75067072765356e-05
-0.0134047392655556,3.75818681686013e-05
-0.0133529835154955,3.76571796724123e-05
-0.0133012277654354,3.77326420897273e-05
-0.0132494720153754,3.78082557226378e-05
-0.0131977162653153,3.78840208744569e-05
-0.0131459605152553,3.79599378488304e-05
-0.0130942047651952,3.80360069494046e-05
-0.0130424490151351,3.81122284818236e-05
-0.0129906932650751,3.81886027508438e-05
-0.012938937515015,3.82651300627757e-05
-0.012887181764955,3.83418107244848e-05
-0.0128354260148949,3.8418645042948e-05
-0.0127836702648348,3.8495633325808e-05
-0.0127319145147748,3.85727758820398e-05
-0.0126801587647147,3.86500730207295e-05
-0.0126284030146546,3.87275250512964e-05
-0.0125766472645946,3.88051322843808e-05
-0.0125248915145345,3.8882895030623e-05
-0.0124731357644745,3.89608136022179e-05
-0.0124213800144144,3.9038888310805e-05
-0.0123696242643544,3.91171194693563e-05
-0.0123178685142943,3.91955073916206e-05
-0.0122661127642342,3.92740523914581e-05
-0.0122143570141742,3.9352754783728e-05
-0.0121626012641141,3.94316148837337e-05
-0.0121108455140541,3.95106330074446e-05
-0.012059089763994,3.95898094713854e-05
-0.0120073340139339,3.96691445930797e-05
-0.0119555782638739,3.97486386903845e-05
-0.0119038225138138,3.98282920818227e-05
-0.0118520667637538,3.99081050863614e-05
-0.0118003110136937,3.9988078024078e-05
-0.0117485552636336,4.00682112151607e-05
-0.0116967995135736,4.01485049811301e-05
-0.0116450437635135,4.02289596432848e-05
-0.0115932880134535,4.03095755240335e-05
-0.0115415322633934,4.03903529468952e-05
-0.0114897765133333,4.04712922350559e-05
-0.0114380207632733,4.05523937128116e-05
-0.0113862650132132,4.06336577056798e-05
-0.0113345092631532,4.07150845388449e-05
-0.0112827535130931,4.07966745386013e-05
-0.011230997763033,4.08784280319097e-05
-0.011179242012973,4.09603453465079e-05
-0.0111274862629129,4.1042426810578e-05
-0.0110757305128528,4.11246727528569e-05
-0.0110239747627928,4.12070835031919e-05
-0.0109722190127327,4.12896593914303e-05
-0.0109204632626727,4.13724007487515e-05
-0.0108687075126126,4.14553079067792e-05
-0.0108169517625525,4.15383811974701e-05
-0.0107651960124925,4.16216209538911e-05
-0.0107134402624324,4.17050275093311e-05
-0.0106616845123724,4.17886011983004e-05
-0.0106099287623123,4.18723423555312e-05
-0.0105581730122523,4.19562513165328e-05
-0.0105064172621922,4.20403284175919e-05
-0.0104546615121321,4.21245739956611e-05
-0.0104029057620721,4.22089883882482e-05
-0.010351150012012,4.22935719334161e-05
-0.010299394261952,4.2378324970449e-05
-0.0102476385118919,4.24632478386311e-05
-0.0101958827618318,4.25483408786897e-05
-0.0101441270117718,4.26336044310194e-05
-0.0100923712617117,4.27190388377907e-05
-0.0100406155116517,4.28046444408414e-05
-0.00998885976159159,4.28904215835635e-05
-0.00993710401153153,4.29763706095709e-05
-0.00988534826147147,4.3062491863366e-05
-0.00983359251141142,4.31487856896728e-05
-0.00978183676135135,4.32352524345481e-05
-0.00973008101129129,4.33218924446033e-05
-0.00967832526123123,4.34087060665611e-05
-0.00962656951117117,4.34956936485875e-05
-0.00957481376111111,4.35828555394036e-05
-0.00952305801105105,4.36701920877303e-05
-0.00947130226099099,4.37577036441761e-05
-0.00941954651093093,4.38453905586833e-05
-0.00936779076087087,4.39332531831926e-05
-0.00931603501081081,4.40212918696448e-05
-0.00926427926075075,4.41095069705355e-05
-0.00921252351069069,4.4197898839804e-05
-0.00916076776063063,4.42864678310562e-05
-0.00910901201057057,4.43752142997855e-05
-0.00905725626051051,4.44641386010414e-05
-0.00900550051045045,4.45532410914273e-05
-0.00895374476039039,4.46425221278801e-05
-0.00890198901033033,4.47319820682246e-05
-0.00885023326027027,4.48216212709518e-05
-0.00879847751021021,4.49114400953299e-05
-0.00874672176015015,4.50014389008491e-05
-0.00869496601009009,4.50916180485539e-05
-0.00864321026003003,4.51819778994889e-05
-0.00859145450996997,4.52725188158087e-05
-0.0085396987599099,4.53632411605565e-05
-0.00848794300984985,4.5454145296997e-05
-0.00843618725978979,4.55452315892835e-05
-0.00838443150972974,4.56365004025683e-05
-0.00833267575966967,4.57279521024478e-05
-0.00828092000960962,4.58195870556288e-05
-0.00822916425954955,4.59114056289289e-05
-0.00817740850948949,4.60034081904981e-05
-0.00812565275942943,4.60955951087083e-05
-0.00807389700936937,4.61879667534859e-05
-0.00802214125930931,4.62805234940911e-05
-0.00797038550924925,4.63732657023375e-05
-0.00791862975918919,4.64661937493727e-05
-0.00786687400912913,4.65593080072324e-05
-0.00781511825906907,4.66526088497288e-05
-0.00776336250900901,4.67460966500077e-05
-0.00771160675894895,4.68397717833247e-05
-0.00765985100888889,4.69336346244908e-05
-0.00760809525882883,4.70276855497609e-05
-0.00755633950876877,4.71219249361665e-05
-0.00750458375870871,4.72163531612946e-05
-0.00745282800864865,4.7310970602954e-05
-0.00740107225858859,4.7405777641174e-05
-0.00734931650852853,4.75007746549849e-05
-0.00729756075846847,4.75959620257482e-05
-0.00724580500840841,4.76913401342705e-05
-0.00719404925834835,4.77869093632455e-05
-0.00714229350828829,4.78826700949231e-05
-0.00709053775822822,4.79786227137735e-05
-0.00703878200816817,4.80747676038229e-05
-0.0069870262581081,4.81711051502076e-05
-0.00693527050804805,4.82676357392853e-05
-0.00688351475798799,4.83643597576355e-05
-0.00683175900792793,4.84612775929483e-05
-0.00678000325786787,4.85583896335795e-05
-0.0067282475078078,4.86556962682183e-05
-0.00667649175774775,4.87531978872191e-05
-0.00662473600768768,4.88508948810473e-05
-0.00657298025762763,4.89487876413897e-05
-0.00652122450756756,4.90468765601548e-05
-0.00646946875750751,4.91451620305838e-05
-0.00641771300744745,4.92436444463618e-05
-0.00636595725738739,4.93423242022839e-05
-0.00631420150732733,4.94412016937007e-05
-0.00626244575726727,4.95402773164066e-05
-0.00621069000720721,4.96395514680836e-05
-0.00615893425714715,4.97390245459695e-05
-0.00610717850708709,4.98386969486342e-05
-0.00605542275702703,4.99385690757581e-05
-0.00600366700696697,5.00386413272436e-05
-0.00595191125690691,5.01389141043251e-05
-0.00590015550684685,5.02393878085705e-05
-0.00584839975678679,5.03400628424355e-05
-0.00579664400672673,5.04409396095973e-05
-0.00574488825666667,5.05420185141769e-05
-0.00569313250660661,5.06432999610729e-05
-0.00564137675654654,5.07447843560715e-05
-0.00558962100648649,5.08464721060697e-05
-0.00553786525642642,5.09483636181862e-05
-0.00548610950636637,5.1050459300872e-05
-0.00543435375630631,5.11527595631334e-05
-0.00538259800624625,5.12552648148645e-05
-0.00533084225618619,5.13579754668481e-05
-0.00527908650612612,5.14608919305326e-05
-0.00522733075606607,5.1564014618255e-05
-0.005175575006006,5.16673439433513e-05
-0.00512381925594595,5.17708803196015e-05
-0.00507206350588588,5.18746241622292e-05
-0.00502030775582583,5.19785758864577e-05
-0.00496855200576576,5.20827359091758e-05
-0.0049167962557057,5.21871046477163e-05
-0.00486504050564564,5.22916825198561e-05
-0.00481328475558558,5.23964699449264e-05
-0.00476152900552552,5.25014673429247e-05
-0.00470977325546546,5.26066751341814e-05
-0.00465801750540541,5.27120937403591e-05
-0.00460626175534534,5.28177235841198e-05
-0.00455450600528528,5.29235650884585e-05
-0.00450275025522523,5.30296186772583e-05
-0.00445099450516517,5.31358847757346e-05
-0.00439923875510511,5.3242363809658e-05
-0.00434748300504505,5.33490562055761e-05
-0.00429572725498499,5.34559623911468e-05
-0.00424397150492493,5.35630827945832e-05
-0.00419221575486486,5.36704178448755e-05
-0.00414046000480481,5.3777967972346e-05
-0.00408870425474474,5.38857336078724e-05
-0.00403694850468469,5.39937151831094e-05
-0.00398519275462463,5.41019131310438e-05
-0.00393343700456457,5.42103278847739e-05
-0.00388168125450451,5.43189598791738e-05
-0.00382992550444444,5.44278095490069e-05
-0.00377816975438439,5.453687733048e-05
-0.00372641400432432,5.46461636609097e-05
-0.00367465825426427,5.4755668977946e-05
-0.0036229025042042,5.48653937204602e-05
-0.00357114675414415,5.49753383279894e-05
-0.00351939100408408,5.50855032409592e-05
-0.00346763525402402,5.51958889009052e-05
-0.00341587950396396,5.53064957501403e-05
-0.0033641237539039,5.54173242316436e-05
-0.00331236800384384,5.55283747898372e-05
-0.00326061225378378,5.56396478691434e-05
-0.00320885650372373,5.5751143915872e-05
-0.00315710075366366,5.58628633766656e-05
-0.0031053450036036,5.5974806698722e-05
-0.00305358925354354,5.60869743310155e-05
-0.00300183350348348,5.61993667229643e-05
-0.00295007775342342,5.63119843246529e-05
-0.00289832200336336,5.64248275874979e-05
-0.0028465662533033,5.65378969633601e-05
-0.00279481050324324,5.66511929054325e-05
-0.00274305475318318,5.67647158677964e-05
-0.00269129900312312,5.6878466304866e-05
-0.00263954325306306,5.69924446729431e-05
-0.002587787503003,5.71066514285512e-05
-0.00253603175294294,5.72210870289913e-05
-0.00248427600288289,5.73357519327855e-05
-0.00243252025282283,5.74506465998992e-05
-0.00238076450276276,5.75657714900757e-05
-0.00232900875270271,5.76811270648347e-05
-0.00227725300264264,5.77967137861402e-05
-0.00222549725258259,5.791253211751e-05
-0.00217374150252252,5.80285825226845e-05
-0.00212198575246247,5.8144865466514e-05
-0.0020702300024024,5.82613814152921e-05
-0.00201847425234234,5.83781308357567e-05
-0.00196671850228228,5.84951141953116e-05
-0.00191496275222222,5.86123319631371e-05
-0.00186320700216216,5.87297846085244e-05
-0.0018114512521021,5.88474726024302e-05
-0.00175969550204205,5.8965396415811e-05
-0.00170793975198198,5.90835565218439e-05
-0.00165618400192193,5.9201953393262e-05
-0.00160442825186186,5.93205875049074e-05
-0.0015526725018018,5.94394593319558e-05
-0.00150091675174174,5.95585693506928e-05
-0.00144916100168168,5.96779180382923e-05
-0.00139740525162162,5.97975058729272e-05
-0.00134564950156156,5.99173333338809e-05
-0.0012938937515015,6.00374009008808e-05
-0.00124213800144144,6.01577090555416e-05
-0.00119038225138138,6.02782582793671e-05
-0.00113862650132132,6.03990490557482e-05
-0.00108687075126126,6.05200818684093e-05
-0.0010351150012012,6.06413572022957e-05
-0.000983359251141139,6.0762875543241e-05
-0.000931603501081082,6.08846373784111e-05
-0.000879847751021019,6.10066431954159e-05
-0.000828092000960956,6.11288934828647e-05
-0.0007763362509009,6.12513887311428e-05
-0.000724580500840837,6.13741294306358e-05
-0.00067282475078078,6.14971160729505e-05
-0.000621069000720717,6.16203491511369e-05
-0.000569313250660661,6.17438291590222e-05
-0.000517557500600598,6.18675565908777e-05
-0.000465801750540541,6.19915319429731e-05
-0.000414046000480485,6.21157557116891e-05
-0.000362290250420422,6.22402283946277e-05
-0.000310534500360365,6.23649504908341e-05
-0.000258778750300302,6.24899224997977e-05
-0.000207023000240246,6.2615144922229e-05
-0.000155267250180183,6.27406182598378e-05
-0.00010351150012012,6.28663430152221e-05
-5.17557500600632e-05,6.29923196925342e-05
0,6.31185487961483e-05
